"","iso3c","age_grp","cluster_name","yll"
"1","ARG",1,"Southern America",75.8653067258504
"2","AUS",1,"Oceania-Melanesia-Polynesia",83.2840828551985
"3","FJI",1,"Oceania-Melanesia-Polynesia",68.1783514103506
"4","NCL",1,"Oceania-Melanesia-Polynesia",80.8191909235056
"5","NZL",1,"Oceania-Melanesia-Polynesia",82.7340881917968
"6","SLB",1,"Oceania-Melanesia-Polynesia",70.5339730129905
"7","TON",1,"Oceania-Melanesia-Polynesia",70.9898729938613
"8","VUT",1,"Oceania-Melanesia-Polynesia",70.3494535751122
"9","WSM",1,"Oceania-Melanesia-Polynesia",72.4227325798168
"10","BHS",1,"Northern America",74.1393939937487
"11","BLZ",1,"Northern America",70.7188278639484
"12","CAN",1,"Northern America",82.6200376340615
"13","CUB",1,"Northern America",77.8063840693164
"14","ECU",1,"Northern America",77.7136588441759
"15","GTM",1,"Northern America",68.5729557546923
"16","HND",1,"Northern America",70.5058577889342
"17","MEX",1,"Northern America",74.6648123059645
"18","NIC",1,"Northern America",74.462536038009
"19","PER",1,"Northern America",73.1085673397736
"20","PRI",1,"Northern America",79.4493486558614
"21","USA",1,"Northern America",77.9604562714847
"22","ALB",1,"Europe",76.65618986141
"23","AUT",1,"Europe",82.1124753596839
"24","BEL",1,"Europe",82.0298329381769
"25","BGR",1,"Europe",71.1911078137059
"26","BIH",1,"Europe",75.0964161757707
"27","BLR",1,"Europe",72.735357225795
"28","CHE",1,"Europe",84.0530926915333
"29","CZE",1,"Europe",77.7819656008697
"30","DEU",1,"Europe",80.6947729090885
"31","DNK",1,"Europe",81.6938143465012
"32","DZA",1,"Europe",77.0150932214027
"33","ESP",1,"Europe",83.6041141427173
"34","EST",1,"Europe",78.6974515723877
"35","FIN",1,"Europe",82.0062592287155
"36","FRA",1,"Europe",82.9648583045021
"37","GBR",1,"Europe",81.9216481788293
"38","GRC",1,"Europe",80.3839843273142
"39","HRV",1,"Europe",78.8315516788388
"40","HUN",1,"Europe",74.5985412369658
"41","IRL",1,"Europe",82.4955589822025
"42","ISL",1,"Europe",82.3150168613594
"43","ITA",1,"Europe",83.7603738173246
"44","LBY",1,"Europe",71.87001131714
"45","LTU",1,"Europe",74.0065339079891
"46","LUX",1,"Europe",82.3198373323508
"47","LVA",1,"Europe",75.4801236663509
"48","MAR",1,"Europe",74.8135688793192
"49","MDA",1,"Europe",68.440107203409
"50","MKD",1,"Europe",73.4737508684126
"51","MLT",1,"Europe",83.540928333344
"52","MNE",1,"Europe",76.1441259953365
"53","NLD",1,"Europe",82.2184711255111
"54","NOR",1,"Europe",83.125899450261
"55","POL",1,"Europe",76.746424060507
"56","PRT",1,"Europe",81.9133916449351
"57","ROU",1,"Europe",73.8149903221651
"58","SRB",1,"Europe",73.7634383998157
"59","SVK",1,"Europe",75.0488308188459
"60","SVN",1,"Europe",81.6807538279322
"61","SWE",1,"Europe",83.1626840443166
"62","TUN",1,"Europe",74.0855119057729
"63","UKR",1,"Europe",68.3035268975368
"64","XKX",1,"Europe",79.3122440802914
"65","BOL",1,"Southern America",64.8540405534271
"66","BRA",1,"Southern America",73.2800151533801
"67","BRB",1,"Southern America",77.595423381893
"68","CHL",1,"Southern America",79.2462974389578
"69","COL",1,"Southern America",73.4561335361666
"70","CRI",1,"Southern America",77.1051599345679
"71","DOM",1,"Southern America",74.2293213073686
"72","GUF",1,"Southern America",77.1982415329595
"73","GUY",1,"Southern America",65.9515045900919
"74","HTI",1,"Southern America",63.9702350867751
"75","JAM",1,"Southern America",70.4263822229478
"76","LCA",1,"Southern America",71.0539971631691
"77","PAN",1,"Southern America",76.6078183349264
"78","PRY",1,"Southern America",70.3469966211282
"79","SLV",1,"Southern America",71.2404815482767
"80","SUR",1,"Southern America",70.1920978810758
"81","TTO",1,"Southern America",74.597356882314
"82","URY",1,"Southern America",77.7471598843478
"83","VCT",1,"Southern America",68.8228892776058
"84","VEN",1,"Southern America",70.9360282224524
"85","ARG",2,"Southern America",64.147808602653
"86","AUS",2,"Oceania-Melanesia-Polynesia",70.9108025074232
"87","FJI",2,"Oceania-Melanesia-Polynesia",58.6084812381131
"88","NCL",2,"Oceania-Melanesia-Polynesia",69.6875467792804
"89","NZL",2,"Oceania-Melanesia-Polynesia",70.1518545331304
"90","SLB",2,"Oceania-Melanesia-Polynesia",61.060194164784
"91","TON",2,"Oceania-Melanesia-Polynesia",59.8344580795263
"92","VUT",2,"Oceania-Melanesia-Polynesia",60.6056786552039
"93","WSM",2,"Oceania-Melanesia-Polynesia",62.2112808842784
"94","BHS",2,"Northern America",63.3658885012857
"95","BLZ",2,"Northern America",59.4784492021646
"96","CAN",2,"Northern America",70.399906535599
"97","CUB",2,"Northern America",66.6912163734163
"98","ECU",2,"Northern America",67.0175955812259
"99","GTM",2,"Northern America",58.1028769896608
"100","HND",2,"Northern America",59.9672134900659
"101","MEX",2,"Northern America",63.3400786984695
"102","NIC",2,"Northern America",63.6524609878075
"103","PER",2,"Northern America",62.40588336448
"104","PRI",2,"Northern America",68.436651354057
"105","USA",2,"Northern America",65.6837857045002
"106","ALB",2,"Europe",65.4894289977434
"107","AUT",2,"Europe",69.6050297348556
"108","BEL",2,"Europe",70.4131072995846
"109","BGR",2,"Europe",59.540663014375
"110","BIH",2,"Europe",63.5101156212436
"111","BLR",2,"Europe",61.2915403123427
"112","CHE",2,"Europe",72.0339742815814
"113","CZE",2,"Europe",66.3749702482378
"114","DEU",2,"Europe",69.1393271518286
"115","DNK",2,"Europe",69.8274592136119
"116","DZA",2,"Europe",67.49241326783
"117","ESP",2,"Europe",71.9733480560277
"118","EST",2,"Europe",67.0105418309223
"119","FIN",2,"Europe",69.190797041916
"120","FRA",2,"Europe",71.1334762586647
"121","GBR",2,"Europe",69.9187779457499
"122","GRC",2,"Europe",68.1596917736023
"123","HRV",2,"Europe",67.9627289202229
"124","HUN",2,"Europe",63.3008721604865
"125","IRL",2,"Europe",69.8569679696698
"126","ISL",2,"Europe",70.3950322306158
"127","ITA",2,"Europe",71.7843668079032
"128","LBY",2,"Europe",60.8524736534444
"129","LTU",2,"Europe",61.9307637530374
"130","LUX",2,"Europe",70.8271487163486
"131","LVA",2,"Europe",64.0713304333566
"132","MAR",2,"Europe",64.9956543307956
"133","MDA",2,"Europe",58.2101021301212
"134","MKD",2,"Europe",63.3188195257678
"135","MLT",2,"Europe",72.7189428652268
"136","MNE",2,"Europe",64.893043445843
"137","NLD",2,"Europe",70.245413985412
"138","NOR",2,"Europe",70.5295127120043
"139","POL",2,"Europe",64.935091355223
"140","PRT",2,"Europe",70.2176728745319
"141","ROU",2,"Europe",63.142999854609
"142","SRB",2,"Europe",63.5145764399032
"143","SVK",2,"Europe",63.3184360074092
"144","SVN",2,"Europe",70.512116682405
"145","SWE",2,"Europe",71.1421938935965
"146","TUN",2,"Europe",63.9135873262953
"147","UKR",2,"Europe",56.6129574408872
"148","XKX",2,"Europe",68.1571364326749
"149","BOL",2,"Southern America",56.0912037275611
"150","BRA",2,"Southern America",61.7940207329961
"151","BRB",2,"Southern America",65.6798281846882
"152","CHL",2,"Southern America",67.4699053285158
"153","COL",2,"Southern America",62.0673570199472
"154","CRI",2,"Southern America",64.9212350617396
"155","DOM",2,"Southern America",63.7681149600755
"156","GUF",2,"Southern America",66.0907585669503
"157","GUY",2,"Southern America",55.5392750064209
"158","HTI",2,"Southern America",57.0091724573249
"159","JAM",2,"Southern America",59.5521494750811
"160","LCA",2,"Southern America",60.4090254470527
"161","PAN",2,"Southern America",65.9549265588786
"162","PRY",2,"Southern America",59.0589682054627
"163","SLV",2,"Southern America",59.3998512020116
"164","SUR",2,"Southern America",59.2158946092651
"165","TTO",2,"Southern America",63.870032606827
"166","URY",2,"Southern America",65.7073274666893
"167","VCT",2,"Southern America",57.3103655435033
"168","VEN",2,"Southern America",59.4358751980042
"169","ARG",3,"Southern America",27.0733860441287
"170","AUS",3,"Oceania-Melanesia-Polynesia",33.4196567918836
"171","FJI",3,"Oceania-Melanesia-Polynesia",20.6518859429711
"172","NCL",3,"Oceania-Melanesia-Polynesia",31.725136044872
"173","NZL",3,"Oceania-Melanesia-Polynesia",33.2203097120196
"174","SLB",3,"Oceania-Melanesia-Polynesia",24.1149696814054
"175","TON",3,"Oceania-Melanesia-Polynesia",25.5663307219971
"176","VUT",3,"Oceania-Melanesia-Polynesia",24.1446600350691
"177","WSM",3,"Oceania-Melanesia-Polynesia",24.8670184325317
"178","BHS",3,"Northern America",29.3694646741908
"179","BLZ",3,"Northern America",25.8594696908066
"180","CAN",3,"Northern America",32.9680853177725
"181","CUB",3,"Northern America",27.758609399109
"182","ECU",3,"Northern America",32.1130786917487
"183","GTM",3,"Northern America",24.2092171371198
"184","HND",3,"Northern America",22.731323204968
"185","MEX",3,"Northern America",29.3258713944197
"186","NIC",3,"Northern America",28.2910845376518
"187","PER",3,"Northern America",26.4640944032919
"188","PRI",3,"Northern America",30.3707217580308
"189","USA",3,"Northern America",30.860936441607
"190","ALB",3,"Europe",26.7006944607269
"191","AUT",3,"Europe",30.2456543382142
"192","BEL",3,"Europe",30.6193686833648
"193","BGR",3,"Europe",21.9798597225908
"194","BIH",3,"Europe",21.0109767232913
"195","BLR",3,"Europe",22.9814138159495
"196","CHE",3,"Europe",31.9212682143388
"197","CZE",3,"Europe",26.3978612632523
"198","DEU",3,"Europe",28.6996268978704
"199","DNK",3,"Europe",28.9988540167355
"200","DZA",3,"Europe",28.8738863006566
"201","ESP",3,"Europe",31.2292009316427
"202","EST",3,"Europe",28.5940675402857
"203","FIN",3,"Europe",31.5225437035173
"204","FRA",3,"Europe",32.1748404488741
"205","GBR",3,"Europe",31.4747367769422
"206","GRC",3,"Europe",28.6807641413209
"207","HRV",3,"Europe",25.8942227176565
"208","HUN",3,"Europe",23.514084931244
"209","IRL",3,"Europe",31.2000625575551
"210","ISL",3,"Europe",31.0711317214713
"211","ITA",3,"Europe",31.7719460014261
"212","LBY",3,"Europe",24.430702130782
"213","LTU",3,"Europe",25.654647528008
"214","LUX",3,"Europe",29.467959186067
"215","LVA",3,"Europe",26.8331454222615
"216","MAR",3,"Europe",25.4796997058267
"217","MDA",3,"Europe",19.692465895583
"218","MKD",3,"Europe",20.6432634330375
"219","MLT",3,"Europe",29.4588932014293
"220","MNE",3,"Europe",24.0747308570268
"221","NLD",3,"Europe",29.9594960329126
"222","NOR",3,"Europe",31.663258986046
"223","POL",3,"Europe",26.3607301644417
"224","PRT",3,"Europe",30.6541941182728
"225","ROU",3,"Europe",22.3619570451523
"226","SRB",3,"Europe",21.3448780805955
"227","SVK",3,"Europe",24.4765195791334
"228","SVN",3,"Europe",27.8041192832945
"229","SWE",3,"Europe",32.0730722506643
"230","TUN",3,"Europe",25.4274984849628
"231","UKR",3,"Europe",22.0742134221852
"232","XKX",3,"Europe",27.0505745695935
"233","BOL",3,"Southern America",19.6981023652932
"234","BRA",3,"Southern America",27.5815363325377
"235","BRB",3,"Southern America",30.3696628476344
"236","CHL",3,"Southern America",30.1960424998064
"237","COL",3,"Southern America",28.5824028817698
"238","CRI",3,"Southern America",28.6219586554234
"239","DOM",3,"Southern America",30.0487486699874
"240","GUF",3,"Southern America",26.7364099538186
"241","GUY",3,"Southern America",22.0467113190023
"242","HTI",3,"Southern America",23.0713812444155
"243","JAM",3,"Southern America",22.7819668871106
"244","LCA",3,"Southern America",23.5482990905409
"245","PAN",3,"Southern America",31.763218439337
"246","PRY",3,"Southern America",23.8936207809717
"247","SLV",3,"Southern America",27.883312004759
"248","SUR",3,"Southern America",23.7047527479044
"249","TTO",3,"Southern America",28.197892372952
"250","URY",3,"Southern America",29.6961456565772
"251","VCT",3,"Southern America",21.4257968575919
"252","VEN",3,"Southern America",28.6736017264215
"253","ARG",4,"Southern America",8.65443085700482
"254","AUS",4,"Oceania-Melanesia-Polynesia",7.59693329684591
"255","FJI",4,"Oceania-Melanesia-Polynesia",7.23327382884325
"256","NCL",4,"Oceania-Melanesia-Polynesia",9.85344505866791
"257","NZL",4,"Oceania-Melanesia-Polynesia",8.25819639489795
"258","SLB",4,"Oceania-Melanesia-Polynesia",7.00762919302703
"259","TON",4,"Oceania-Melanesia-Polynesia",7.65393809788054
"260","VUT",4,"Oceania-Melanesia-Polynesia",7.27001165193286
"261","WSM",4,"Oceania-Melanesia-Polynesia",7.44005489427217
"262","BHS",4,"Northern America",8.71436891322404
"263","BLZ",4,"Northern America",7.95624471556266
"264","CAN",4,"Northern America",8.01571500421509
"265","CUB",4,"Northern America",8.4274595005832
"266","ECU",4,"Northern America",7.87169134435419
"267","GTM",4,"Northern America",7.96876974212695
"268","HND",4,"Northern America",7.08228556304243
"269","MEX",4,"Northern America",7.85804643719986
"270","NIC",4,"Northern America",7.10277407313438
"271","PER",4,"Northern America",7.18868034188361
"272","PRI",4,"Northern America",9.57667074590851
"273","USA",4,"Northern America",8.6887308689077
"274","ALB",4,"Europe",7.20660483987296
"275","AUT",4,"Europe",7.4738102589574
"276","BEL",4,"Europe",7.61433583552337
"277","BGR",4,"Europe",7.18612546000285
"278","BIH",4,"Europe",7.14862433619972
"279","BLR",4,"Europe",7.83551476528511
"280","CHE",4,"Europe",7.25985557331879
"281","CZE",4,"Europe",7.63249114935111
"282","DEU",4,"Europe",7.92798475722596
"283","DNK",4,"Europe",7.66110219455445
"284","DZA",4,"Europe",7.32777442930727
"285","ESP",4,"Europe",7.52903831489341
"286","EST",4,"Europe",8.53323769231578
"287","FIN",4,"Europe",7.50639522855239
"288","FRA",4,"Europe",7.82801396480792
"289","GBR",4,"Europe",7.73195579195105
"290","GRC",4,"Europe",7.82899383254319
"291","HRV",4,"Europe",7.65006726632077
"292","HUN",4,"Europe",7.99309406329666
"293","IRL",4,"Europe",7.392804138309
"294","ISL",4,"Europe",7.39642981680102
"295","ITA",4,"Europe",7.42434003704278
"296","LBY",4,"Europe",7.33621903671747
"297","LTU",4,"Europe",7.99036910310969
"298","LUX",4,"Europe",8.07645574205756
"299","LVA",4,"Europe",8.28734354256104
"300","MAR",4,"Europe",7.31765746686673
"301","MDA",4,"Europe",7.01961817349891
"302","MKD",4,"Europe",6.67657324839992
"303","MLT",4,"Europe",8.27769507893322
"304","MNE",4,"Europe",7.87012271566315
"305","NLD",4,"Europe",7.32151547054046
"306","NOR",4,"Europe",7.40883736124013
"307","POL",4,"Europe",8.02421749189011
"308","PRT",4,"Europe",7.40032585418325
"309","ROU",4,"Europe",7.65139776858668
"310","SRB",4,"Europe",7.21032715463267
"311","SVK",4,"Europe",7.68424555882476
"312","SVN",4,"Europe",7.94659692622759
"313","SWE",4,"Europe",7.35554987651198
"314","TUN",4,"Europe",7.27558304721394
"315","UKR",4,"Europe",7.15093115799445
"316","XKX",4,"Europe",8.57898236683592
"317","BOL",4,"Southern America",6.60747175477389
"318","BRA",4,"Southern America",7.17491265238769
"319","BRB",4,"Southern America",6.90681735034254
"320","CHL",4,"Southern America",8.48155520344036
"321","COL",4,"Southern America",7.32953395232618
"322","CRI",4,"Southern America",7.07633141470241
"323","DOM",4,"Southern America",8.8864862587272
"324","GUF",4,"Southern America",7.56462858676176
"325","GUY",4,"Southern America",7.94869283386822
"326","HTI",4,"Southern America",6.84099526613791
"327","JAM",4,"Southern America",6.95123495288271
"328","LCA",4,"Southern America",7.01372116423796
"329","PAN",4,"Southern America",8.98232559745502
"330","PRY",4,"Southern America",7.58422056780595
"331","SLV",4,"Southern America",7.7393538763562
"332","SUR",4,"Southern America",8.0823361946246
"333","TTO",4,"Southern America",8.92908551498668
"334","URY",4,"Southern America",9.35691111903688
"335","VCT",4,"Southern America",7.29603808220655
"336","VEN",4,"Southern America",7.03975040111957
"337","BGD",1,"Eastern and Southern Asia",73.6240850098391
"338","BRN",1,"Eastern and Southern Asia",74.2928225987621
"339","BTN",1,"Eastern and Southern Asia",72.1331201334189
"340","CHN",1,"Eastern and Southern Asia",78.2845279751758
"341","HKG",1,"Eastern and Southern Asia",83.5406192952252
"342","IDN",1,"Eastern and Southern Asia",68.0842244224796
"343","IND",1,"Eastern and Southern Asia",67.7576987255777
"344","KHM",1,"Eastern and Southern Asia",69.7295094220178
"345","KOR",1,"Eastern and Southern Asia",83.6512352108882
"346","LAO",1,"Eastern and Southern Asia",69.0541419775634
"347","LKA",1,"Eastern and Southern Asia",76.3364348206027
"348","MAC",1,"Eastern and Southern Asia",84.874131698087
"349","MDV",1,"Eastern and Southern Asia",80.6332107046276
"350","MMR",1,"Eastern and Southern Asia",67.3193103495876
"351","MNG",1,"Eastern and Southern Asia",72.4521194219077
"352","MYS",1,"Eastern and Southern Asia",75.9956817916972
"353","NPL",1,"Eastern and Southern Asia",70.3530686067269
"354","PHL",1,"Eastern and Southern Asia",72.1025534573144
"355","PNG",1,"Eastern and Southern Asia",66.0173899276333
"356","PRK",1,"Eastern and Southern Asia",73.2877010295041
"357","RUS",1,"Eastern and Southern Asia",69.679497552955
"358","SGP",1,"Eastern and Southern Asia",83.661832269258
"359","THA",1,"Eastern and Southern Asia",79.4326993832799
"360","TLS",1,"Eastern and Southern Asia",69.0956844176116
"361","VNM",1,"Eastern and Southern Asia",74.3175552008411
"362","JPN",1,"Eastern and Southern Asia",84.3189441240338
"363","TWN",1,"Eastern and Southern Asia",80.8933876200936
"364","AGO",1,"Africa",62.4221045217753
"365","BDI",1,"Africa",62.014787379195
"366","BEN",1,"Africa",60.5847740092838
"367","BFA",1,"Africa",60.4141376489514
"368","BWA",1,"Africa",66.0363489736158
"369","CAF",1,"Africa",55.2483783593157
"370","CIV",1,"Africa",59.4019336777645
"371","CMR",1,"Africa",61.3776519825682
"372","COD",1,"Africa",60.2202344375987
"373","COG",1,"Africa",63.2314922218622
"374","COM",1,"Africa",63.9438344526063
"375","CPV",1,"Africa",74.5375467938289
"376","ETH",1,"Africa",65.6655101657712
"377","GAB",1,"Africa",65.7486521194356
"378","GHA",1,"Africa",63.881750418229
"379","GIN",1,"Africa",59.7358134916655
"380","GMB",1,"Africa",62.8167246946388
"381","GNB",1,"Africa",60.3820928559224
"382","GNQ",1,"Africa",61.6589645149707
"383","KEN",1,"Africa",62.0530277081628
"384","LBR",1,"Africa",61.5918746618076
"385","LSO",1,"Africa",53.5554825006596
"386","MDG",1,"Africa",65.2542098450261
"387","MLI",1,"Africa",60.1531069013348
"388","MOZ",1,"Africa",60.0299940018177
"389","MRT",1,"Africa",65.0101952866937
"390","MUS",1,"Africa",73.833540350853
"391","MWI",1,"Africa",62.8959869558192
"392","NAM",1,"Africa",58.0581173971101
"393","NER",1,"Africa",62.6769710816261
"394","NGA",1,"Africa",54.5495734659827
"395","SDN",1,"Africa",65.7735115139933
"396","SEN",1,"Africa",67.7719685452825
"397","SLE",1,"Africa",61.2763648866768
"398","SSD",1,"Africa",56.2788430890528
"399","STP",1,"Africa",68.5329427866637
"400","SWZ",1,"Africa",56.4977180267183
"401","TCD",1,"Africa",53.7593860516723
"402","TGO",1,"Africa",61.855735863576
"403","TZA",1,"Africa",66.8917980795622
"404","UGA",1,"Africa",63.6956035443847
"405","ZAF",1,"Africa",61.4716592295005
"406","ZMB",1,"Africa",62.0350677866332
"407","ZWE",1,"Africa",59.5771407412629
"408","SOM",1,"Africa",57.0890094295764
"409","AFG",1,"Asia-Europe",63.0685932163605
"410","ARE",1,"Asia-Europe",78.9121710987665
"411","ARM",1,"Asia-Europe",73.2354847630433
"412","AZE",1,"Asia-Europe",73.3933919592547
"413","BHR",1,"Asia-Europe",78.9670718463985
"414","CYP",1,"Asia-Europe",81.5890162385617
"415","DJI",1,"Asia-Europe",62.9406786324901
"416","EGY",1,"Asia-Europe",70.0810016925128
"417","ERI",1,"Asia-Europe",66.530118038791
"418","GEO",1,"Asia-Europe",71.4524911038836
"419","IRN",1,"Asia-Europe",74.3017381610322
"420","IRQ",1,"Asia-Europe",71.1860994215102
"421","ISR",1,"Asia-Europe",82.255884728832
"422","JOR",1,"Asia-Europe",74.0402518202979
"423","KAZ",1,"Asia-Europe",69.3273972571747
"424","KGZ",1,"Asia-Europe",70.3784387833164
"425","KWT",1,"Asia-Europe",80.0303356909877
"426","LBN",1,"Asia-Europe",74.130401672679
"427","OMN",1,"Asia-Europe",73.6959079610437
"428","PAK",1,"Asia-Europe",66.7538057434765
"429","PSE",1,"Asia-Europe",73.26786452686
"430","QAT",1,"Asia-Europe",81.2897507156466
"431","RWA",1,"Asia-Europe",67.1718421311812
"432","SAU",1,"Asia-Europe",77.5908436445238
"433","SYR",1,"Asia-Europe",72.1277606186885
"434","TJK",1,"Asia-Europe",71.2780327557159
"435","TKM",1,"Asia-Europe",69.4889464595861
"436","TUR",1,"Asia-Europe",78.3102119831904
"437","UZB",1,"Asia-Europe",71.5516336803623
"438","YEM",1,"Asia-Europe",64.088576489467
"439","BGD",2,"Eastern and Southern Asia",64.1409858959106
"440","BRN",2,"Eastern and Southern Asia",63.4042016692746
"441","BTN",2,"Eastern and Southern Asia",62.9293058223703
"442","CHN",2,"Eastern and Southern Asia",67.7189178394942
"443","HKG",2,"Eastern and Southern Asia",74.1041509150317
"444","IDN",2,"Eastern and Southern Asia",58.0017652503356
"445","IND",2,"Eastern and Southern Asia",58.8013338194174
"446","KHM",2,"Eastern and Southern Asia",61.0497820591695
"447","KOR",2,"Eastern and Southern Asia",73.249564505927
"448","LAO",2,"Eastern and Southern Asia",60.8655317984986
"449","LKA",2,"Eastern and Southern Asia",65.0306969896189
"450","MAC",2,"Eastern and Southern Asia",74.3284753598744
"451","MDV",2,"Eastern and Southern Asia",69.0472984442207
"452","MMR",2,"Eastern and Southern Asia",59.4639276553855
"453","MNG",2,"Eastern and Southern Asia",61.0830245897952
"454","MYS",2,"Eastern and Southern Asia",65.0345533149964
"455","NPL",2,"Eastern and Southern Asia",61.2494060576385
"456","PHL",2,"Eastern and Southern Asia",62.9935847110765
"457","PNG",2,"Eastern and Southern Asia",57.8319714332044
"458","PRK",2,"Eastern and Southern Asia",64.0180509648508
"459","RUS",2,"Eastern and Southern Asia",57.8490935757813
"460","SGP",2,"Eastern and Southern Asia",72.7324186017208
"461","THA",2,"Eastern and Southern Asia",68.3419978651023
"462","TLS",2,"Eastern and Southern Asia",60.8685057452165
"463","VNM",2,"Eastern and Southern Asia",65.2731946478901
"464","JPN",2,"Eastern and Southern Asia",72.8077375163631
"465","TWN",2,"Eastern and Southern Asia",69.1391014535012
"466","AGO",2,"Africa",56.1919403998154
"467","BDI",2,"Africa",55.9562159678355
"468","BEN",2,"Africa",55.997197677085
"469","BFA",2,"Africa",55.0738238715441
"470","BWA",2,"Africa",58.0087672783922
"471","CAF",2,"Africa",49.9508685433528
"472","CIV",2,"Africa",53.0670967026371
"473","CMR",2,"Africa",54.7686304088076
"474","COD",2,"Africa",55.2094276582511
"475","COG",2,"Africa",55.4336237229589
"476","COM",2,"Africa",56.9106130955813
"477","CPV",2,"Africa",64.4331610277934
"478","ETH",2,"Africa",58.6489792823575
"479","GAB",2,"Africa",57.4878870994884
"480","GHA",2,"Africa",57.2143879458487
"481","GIN",2,"Africa",55.6710508088814
"482","GMB",2,"Africa",56.2356689678297
"483","GNB",2,"Africa",54.1968278517954
"484","GNQ",2,"Africa",55.4018774016707
"485","KEN",2,"Africa",53.3065163655429
"486","LBR",2,"Africa",55.4887185592155
"487","LSO",2,"Africa",47.3353866542982
"488","MDG",2,"Africa",58.4273454044826
"489","MLI",2,"Africa",55.0684296034398
"490","MOZ",2,"Africa",53.3645062918256
"491","MRT",2,"Africa",58.1090805886284
"492","MUS",2,"Africa",62.6242610565367
"493","MWI",2,"Africa",54.2487153065002
"494","NAM",2,"Africa",49.0328984480026
"495","NER",2,"Africa",56.6874297244755
"496","NGA",2,"Africa",51.9488627816338
"497","SDN",2,"Africa",59.2427194361325
"498","SEN",2,"Africa",59.6221027840412
"499","SLE",2,"Africa",56.7430699574827
"500","SSD",2,"Africa",52.6080583978814
"501","STP",2,"Africa",57.8971809288268
"502","SWZ",2,"Africa",48.1403878087749
"503","TCD",2,"Africa",50.5488504123479
"504","TGO",2,"Africa",56.0812947462397
"505","TZA",2,"Africa",59.0002732373508
"506","UGA",2,"Africa",55.3304709118552
"507","ZAF",2,"Africa",51.8498397463336
"508","ZMB",2,"Africa",54.6051065944561
"509","ZWE",2,"Africa",51.8001888197781
"510","SOM",2,"Africa",53.2288835876283
"511","AFG",2,"Asia-Europe",55.2483407845899
"512","ARE",2,"Asia-Europe",67.7233745825841
"513","ARM",2,"Asia-Europe",61.4190974832242
"514","AZE",2,"Asia-Europe",62.7368252795124
"515","BHR",2,"Asia-Europe",67.825528559873
"516","CYP",2,"Asia-Europe",70.1431426239397
"517","DJI",2,"Asia-Europe",56.7017928238169
"518","EGY",2,"Asia-Europe",59.425705359642
"519","ERI",2,"Asia-Europe",59.1642828640407
"520","GEO",2,"Asia-Europe",59.1673030204341
"521","IRN",2,"Asia-Europe",63.54637051045
"522","IRQ",2,"Asia-Europe",61.723791176621
"523","ISR",2,"Asia-Europe",70.8861944305132
"524","JOR",2,"Asia-Europe",63.9562313067085
"525","KAZ",2,"Asia-Europe",57.6484709463219
"526","KGZ",2,"Asia-Europe",59.2915644124374
"527","KWT",2,"Asia-Europe",68.9446720175114
"528","LBN",2,"Asia-Europe",63.3059896242858
"529","OMN",2,"Asia-Europe",62.3544169626071
"530","PAK",2,"Asia-Europe",60.0629927550097
"531","PSE",2,"Asia-Europe",63.4753355099426
"532","QAT",2,"Asia-Europe",70.119488043731
"533","RWA",2,"Asia-Europe",58.8250050002199
"534","SAU",2,"Asia-Europe",66.2112314140136
"535","SYR",2,"Asia-Europe",62.1189722883544
"536","TJK",2,"Asia-Europe",61.1857557038632
"537","TKM",2,"Asia-Europe",60.7434299201154
"538","TUR",2,"Asia-Europe",66.698799282858
"539","UZB",2,"Asia-Europe",60.3148247723458
"540","YEM",2,"Asia-Europe",56.9489249425713
"541","BGD",3,"Eastern and Southern Asia",26.8460335955003
"542","BRN",3,"Eastern and Southern Asia",25.5344090722224
"543","BTN",3,"Eastern and Southern Asia",24.5492250650084
"544","CHN",3,"Eastern and Southern Asia",28.4012779831258
"545","HKG",3,"Eastern and Southern Asia",30.3353017080212
"546","IDN",3,"Eastern and Southern Asia",21.8317579707452
"547","IND",3,"Eastern and Southern Asia",22.4119338247801
"548","KHM",3,"Eastern and Southern Asia",26.2160224884435
"549","KOR",3,"Eastern and Southern Asia",30.4601326422517
"550","LAO",3,"Eastern and Southern Asia",24.2142900829223
"551","LKA",3,"Eastern and Southern Asia",27.4621071482344
"552","MAC",3,"Eastern and Southern Asia",32.3428253202592
"553","MDV",3,"Eastern and Southern Asia",28.989241027237
"554","MMR",3,"Eastern and Southern Asia",24.4224144543024
"555","MNG",3,"Eastern and Southern Asia",24.5254692417907
"556","MYS",3,"Eastern and Southern Asia",25.7908824796306
"557","NPL",3,"Eastern and Southern Asia",24.1661521779178
"558","PHL",3,"Eastern and Southern Asia",24.6806026928251
"559","PNG",3,"Eastern and Southern Asia",23.2556688700244
"560","PRK",3,"Eastern and Southern Asia",29.1538448077114
"561","RUS",3,"Eastern and Southern Asia",24.1222958818433
"562","SGP",3,"Eastern and Southern Asia",30.1905510231129
"563","THA",3,"Eastern and Southern Asia",33.2204069453221
"564","TLS",3,"Eastern and Southern Asia",24.1454853352261
"565","VNM",3,"Eastern and Southern Asia",30.1825371814943
"566","JPN",3,"Eastern and Southern Asia",33.409302784355
"567","TWN",3,"Eastern and Southern Asia",31.4632928123397
"568","AGO",3,"Africa",23.2994913113703
"569","BDI",3,"Africa",24.6049024589814
"570","BEN",3,"Africa",24.5836855246311
"571","BFA",3,"Africa",22.8470086799478
"572","BWA",3,"Africa",24.8708622883747
"573","CAF",3,"Africa",21.9942406182744
"574","CIV",3,"Africa",22.527061901466
"575","CMR",3,"Africa",22.499287064418
"576","COD",3,"Africa",23.9554999298037
"577","COG",3,"Africa",23.3124884095609
"578","COM",3,"Africa",22.1336499369823
"579","CPV",3,"Africa",26.7086838045482
"580","ETH",3,"Africa",25.1761348173305
"581","GAB",3,"Africa",22.9233432271396
"582","GHA",3,"Africa",25.273725918466
"583","GIN",3,"Africa",24.3322898243987
"584","GMB",3,"Africa",24.0183176745732
"585","GNB",3,"Africa",22.2146908762373
"586","GNQ",3,"Africa",22.1790417914667
"587","KEN",3,"Africa",23.2869508071679
"588","LBR",3,"Africa",22.5186401784076
"589","LSO",3,"Africa",20.8752039285319
"590","MDG",3,"Africa",24.8165272714686
"591","MLI",3,"Africa",22.7495597128195
"592","MOZ",3,"Africa",21.5749065735422
"593","MRT",3,"Africa",21.6075595953824
"594","MUS",3,"Africa",26.435071653826
"595","MWI",3,"Africa",22.7370759730387
"596","NAM",3,"Africa",20.3685062169515
"597","NER",3,"Africa",22.6142992000844
"598","NGA",3,"Africa",25.2220649330622
"599","SDN",3,"Africa",25.6351901628375
"600","SEN",3,"Africa",23.1597649971046
"601","SLE",3,"Africa",22.081963181718
"602","SSD",3,"Africa",24.3065734756531
"603","STP",3,"Africa",24.5874278466468
"604","SWZ",3,"Africa",20.6028967255426
"605","TCD",3,"Africa",23.2531850991833
"606","TGO",3,"Africa",24.653295626815
"607","TZA",3,"Africa",23.2788156094936
"608","UGA",3,"Africa",22.882782805015
"609","ZAF",3,"Africa",21.8863677164897
"610","ZMB",3,"Africa",21.8356702524018
"611","ZWE",3,"Africa",22.3476554615319
"612","SOM",3,"Africa",22.9223900841841
"613","AFG",3,"Asia-Europe",23.5652797757664
"614","ARE",3,"Asia-Europe",26.4791683356319
"615","ARM",3,"Asia-Europe",22.5727105279232
"616","AZE",3,"Asia-Europe",26.0283809506121
"617","BHR",3,"Asia-Europe",26.1649647172289
"618","CYP",3,"Asia-Europe",28.4189657906041
"619","DJI",3,"Asia-Europe",24.6058052231613
"620","EGY",3,"Asia-Europe",19.6119629662558
"621","ERI",3,"Asia-Europe",25.423230036843
"622","GEO",3,"Asia-Europe",22.6733120505106
"623","IRN",3,"Asia-Europe",26.5441085994616
"624","IRQ",3,"Asia-Europe",23.2441568595779
"625","ISR",3,"Asia-Europe",29.6333750115584
"626","JOR",3,"Asia-Europe",23.5825775201182
"627","KAZ",3,"Asia-Europe",21.1921887984397
"628","KGZ",3,"Asia-Europe",22.5697731666048
"629","KWT",3,"Asia-Europe",26.6550974238724
"630","LBN",3,"Asia-Europe",23.2779441247463
"631","OMN",3,"Asia-Europe",22.7926639358125
"632","PAK",3,"Asia-Europe",22.8450710119997
"633","PSE",3,"Asia-Europe",23.4554356569309
"634","QAT",3,"Asia-Europe",27.7947189621528
"635","RWA",3,"Asia-Europe",24.5226686036849
"636","SAU",3,"Asia-Europe",27.4019141086914
"637","SYR",3,"Asia-Europe",27.2856253554516
"638","TJK",3,"Asia-Europe",23.5055120065208
"639","TKM",3,"Asia-Europe",23.7258109581884
"640","TUR",3,"Asia-Europe",26.6590874320204
"641","UZB",3,"Asia-Europe",22.8595518296676
"642","YEM",3,"Asia-Europe",23.374966173107
"643","BGD",4,"Eastern and Southern Asia",7.50433359242125
"644","BRN",4,"Eastern and Southern Asia",7.43242260068813
"645","BTN",4,"Eastern and Southern Asia",7.11731717467421
"646","CHN",4,"Eastern and Southern Asia",7.6029834783947
"647","HKG",4,"Eastern and Southern Asia",8.63358620437589
"648","IDN",4,"Eastern and Southern Asia",6.84768210826871
"649","IND",4,"Eastern and Southern Asia",7.43969733938775
"650","KHM",4,"Eastern and Southern Asia",7.24196964543664
"651","KOR",4,"Eastern and Southern Asia",8.5224524821932
"652","LAO",4,"Eastern and Southern Asia",7.04618074662536
"653","LKA",4,"Eastern and Southern Asia",7.72421106598265
"654","MAC",4,"Eastern and Southern Asia",8.0154176810701
"655","MDV",4,"Eastern and Southern Asia",7.71603770629061
"656","MMR",4,"Eastern and Southern Asia",7.02351866474494
"657","MNG",4,"Eastern and Southern Asia",8.12472181077753
"658","MYS",4,"Eastern and Southern Asia",7.9101448713043
"659","NPL",4,"Eastern and Southern Asia",7.05645701171049
"660","PHL",4,"Eastern and Southern Asia",7.16542450488488
"661","PNG",4,"Eastern and Southern Asia",7.07371675679414
"662","PRK",4,"Eastern and Southern Asia",7.66898959739544
"663","RUS",4,"Eastern and Southern Asia",7.71787285310158
"664","SGP",4,"Eastern and Southern Asia",8.70128446653523
"665","THA",4,"Eastern and Southern Asia",10.3812356028135
"666","TLS",4,"Eastern and Southern Asia",7.05699199600413
"667","VNM",4,"Eastern and Southern Asia",8.00265539400084
"668","JPN",4,"Eastern and Southern Asia",7.98096386919713
"669","TWN",4,"Eastern and Southern Asia",8.28669608019223
"670","AGO",4,"Africa",7.06561940731048
"671","BDI",4,"Africa",6.9526733746598
"672","BEN",4,"Africa",6.91436549507675
"673","BFA",4,"Africa",6.24577747902674
"674","BWA",4,"Africa",7.92501053707
"675","CAF",4,"Africa",7.25228074032903
"676","CIV",4,"Africa",7.43907015945859
"677","CMR",4,"Africa",7.00156531329641
"678","COD",4,"Africa",6.82583864735716
"679","COG",4,"Africa",7.08137335403717
"680","COM",4,"Africa",6.76058356689054
"681","CPV",4,"Africa",7.26389033605238
"682","ETH",4,"Africa",7.02635458771068
"683","GAB",4,"Africa",7.3179558015565
"684","GHA",4,"Africa",7.02129394362594
"685","GIN",4,"Africa",6.88294971641803
"686","GMB",4,"Africa",6.84134931236596
"687","GNB",4,"Africa",6.81062857469938
"688","GNQ",4,"Africa",6.77431651703536
"689","KEN",4,"Africa",8.04564686785799
"690","LBR",4,"Africa",6.91489471678828
"691","LSO",4,"Africa",7.55093624081225
"692","MDG",4,"Africa",7.03534184560926
"693","MLI",4,"Africa",6.21291989720576
"694","MOZ",4,"Africa",6.44181447813974
"695","MRT",4,"Africa",6.59891206362875
"696","MUS",4,"Africa",7.95385183693201
"697","MWI",4,"Africa",7.68981261839733
"698","NAM",4,"Africa",6.95213537323282
"699","NER",4,"Africa",6.30377975830534
"700","NGA",4,"Africa",6.85199108487192
"701","SDN",4,"Africa",7.06624540153749
"702","SEN",4,"Africa",6.43934082017031
"703","SLE",4,"Africa",6.65560546651029
"704","SSD",4,"Africa",6.7676878577969
"705","STP",4,"Africa",7.5429047984158
"706","SWZ",4,"Africa",7.02615227963407
"707","TCD",4,"Africa",6.54358834786701
"708","TGO",4,"Africa",6.38999482449589
"709","TZA",4,"Africa",7.55133254951332
"710","UGA",4,"Africa",6.50871636638742
"711","ZAF",4,"Africa",7.65954965450179
"712","ZMB",4,"Africa",6.73117480934665
"713","ZWE",4,"Africa",7.48679877099512
"714","SOM",4,"Africa",6.68545333711843
"715","AFG",4,"Asia-Europe",6.77499139865972
"716","ARE",4,"Asia-Europe",7.34436436051533
"717","ARM",4,"Asia-Europe",7.8455903320536
"718","AZE",4,"Asia-Europe",7.30387567946654
"719","BHR",4,"Asia-Europe",7.19161280216494
"720","CYP",4,"Asia-Europe",7.75747328522289
"721","DJI",4,"Asia-Europe",6.92452926771746
"722","EGY",4,"Asia-Europe",6.91396701551117
"723","ERI",4,"Asia-Europe",7.15949566566908
"724","GEO",4,"Asia-Europe",7.15151684703436
"725","IRN",4,"Asia-Europe",7.11557451252775
"726","IRQ",4,"Asia-Europe",6.98603163483433
"727","ISR",4,"Asia-Europe",8.25388558721155
"728","JOR",4,"Asia-Europe",7.15864551326411
"729","KAZ",4,"Asia-Europe",7.19296276746562
"730","KGZ",4,"Asia-Europe",6.98797955816768
"731","KWT",4,"Asia-Europe",7.35404092859565
"732","LBN",4,"Asia-Europe",7.09645888193119
"733","OMN",4,"Asia-Europe",6.8123114516868
"734","PAK",4,"Asia-Europe",6.90309327599244
"735","PSE",4,"Asia-Europe",7.16545077840878
"736","QAT",4,"Asia-Europe",7.31317292888755
"737","RWA",4,"Asia-Europe",7.36723614273978
"738","SAU",4,"Asia-Europe",7.53888672383989
"739","SYR",4,"Asia-Europe",7.27756796551024
"740","TJK",4,"Asia-Europe",7.24301364674702
"741","TKM",4,"Asia-Europe",7.12077835641966
"742","TUR",4,"Asia-Europe",7.62856117706006
"743","UZB",4,"Asia-Europe",7.17672917698573
"744","YEM",4,"Asia-Europe",6.78051712578677
